source_file	url
config.yaml	http://bioconductor.posit.co/
config.yaml	http://bioconductor.riken.jp/
config.yaml	http://bioconductor.statistik.tu-dortmund.de/
config.yaml	http://bioconductor.uib.no/
config.yaml	http://bioconductor.unipi.it
config.yaml	http://cran.asia
config.yaml	http://en.wikipedia.org/wiki/Bioconductor#Milestones
config.yaml	http://eutils.ncbi.nlm.nih.gov/entrez/eutils/
config.yaml	http://free.nchc.org.tw/bioconductor/
config.yaml	http://ftp.gwdg.de/pub/misc/bioconductor/
config.yaml	http://mirror.aarnet.edu.au/pub/bioconductor
config.yaml	http://mirror.accum.se/mirror/bioconductor.org/
config.yaml	http://mirrors.dotsrc.org/bioconductor/
config.yaml	http://mirrors.nju.edu.cn/bioconductor/
config.yaml	http://mirrors.tuna.tsinghua.edu.cn/bioconductor/
config.yaml	http://mirrors.ustc.edu.cn/bioc/
config.yaml	https://aarnet.edu.au
config.yaml	https://accc.riken.jp/en/
config.yaml	https://bioconductor.posit.co/
config.yaml	https://bioconductor.riken.jp/
config.yaml	https://bioconductor.statistik.tu-dortmund.de/
config.yaml	https://bioconductor.uib.no/
config.yaml	https://bioconductor.unipi.it
config.yaml	https://cran.asia
config.yaml	https://dotsrc.org/
config.yaml	https://free.nchc.org.tw/bioconductor/
config.yaml	https://ftp.gwdg.de/
config.yaml	https://ftp.gwdg.de/pub/misc/bioconductor/
config.yaml	https://mirror.aarnet.edu.au/pub/bioconductor
config.yaml	https://mirror.accum.se/mirror/bioconductor.org/
config.yaml	https://mirrors.dotsrc.org/bioconductor/
config.yaml	https://mirrors.nju.edu.cn/bioconductor/
config.yaml	https://mirrors.tuna.tsinghua.edu.cn/bioconductor/
config.yaml	https://mirrors.ustc.edu.cn/bioc/
config.yaml	https://mirrors.westlake.edu.cn/bioconductor
config.yaml	https://mirrors.zju.edu.cn/bioconductor
config.yaml	https://posit.co/
config.yaml	https://sci.nju.edu.cn/
config.yaml	https://ustc.edu.cn
config.yaml	https://www.accum.se/
config.yaml	https://www.nchc.org.tw/
config.yaml	https://www.statistik.tu-dortmund.de/
config.yaml	https://www.uib.no/
config.yaml	https://www.unipi.it/
config.yaml	https://www.westlake.edu.cn/
config.yaml	https://www.zju.edu.cn/
layouts/_bioc2015_sponsors.html	http://www.novartis.com/
layouts/_bioc2015_sponsors.html	http://www.revolutionanalytics.com/
layouts/_bioc2015_sponsors.html	http://www.rstudio.com/
layouts/_bioc2015_sponsors.html	https://axioresearch.com/
layouts/_bioc2015_sponsors.html	https://fredhutch.org/
layouts/_bioc2015_sponsors.html	https://www.sbgenomics.com/
layouts/_bioc2016_sponsors.html	http://www.gene.com/
layouts/_bioc2016_sponsors.html	http://www.revolutionanalytics.com/
layouts/_bioc2016_sponsors.html	https://axioresearch.com/
layouts/_bioc2016_sponsors.html	https://fredhutch.org/
layouts/_bioc2016_sponsors.html	https://med.stanford.edu/bdsi.html
layouts/_bioc2016_sponsors.html	https://www.roswellpark.org/
layouts/_bioc2016_sponsors.html	https://www.rstudio.com/
layouts/_bioc2016_sponsors.html	https://www.sbgenomics.com/
layouts/_bioc2017_sponsors.html	http://www.gene.com/
layouts/_bioc2017_sponsors.html	http://www.revolutionanalytics.com/
layouts/_bioc2017_sponsors.html	https://astrazeneca.com/
layouts/_bioc2017_sponsors.html	https://axioresearch.com/
layouts/_bioc2017_sponsors.html	https://fredhutch.org/
layouts/_bioc2017_sponsors.html	https://med.stanford.edu/bdsi.html
layouts/_bioc2017_sponsors.html	https://www.roswellpark.org/
layouts/_bioc2017_sponsors.html	https://www.rstudio.com/
layouts/_bioc2017_sponsors.html	https://www.sbgenomics.com/
layouts/_bioc2018_sponsors.html	http://www.gene.com/
layouts/_bioc2018_sponsors.html	http://www.oicr.on.ca/
layouts/_bioc2018_sponsors.html	http://www.revolutionanalytics.com/
layouts/_bioc2018_sponsors.html	https://astrazeneca.com/
layouts/_bioc2018_sponsors.html	https://axioresearch.com/
layouts/_bioc2018_sponsors.html	https://fredhutch.org/
layouts/_bioc2018_sponsors.html	https://med.stanford.edu/bdsi.html
layouts/_bioc2018_sponsors.html	https://utoronto.ca/
layouts/_bioc2018_sponsors.html	https://www.dana-farber.org/
layouts/_bioc2018_sponsors.html	https://www.roswellpark.org/
layouts/_bioc2018_sponsors.html	https://www.rstudio.com/
layouts/_bioc2018_sponsors.html	https://www.sbgenomics.com/
layouts/_community_help.html	http://genomicsclass.github.io/book/
layouts/_community_help.html	http://manuals.bioinformatics.ucr.edu/home/R_BioCondManual
layouts/_community_help.html	http://vincebuffalo.com/2012/03/12/23andme-gwascat.html
layouts/_community_help.html	http://watson.nci.nih.gov/~sdavis/
layouts/_community_help.html	http://www.youtube.com/user/RafalabChannel?feature=watch
layouts/_community_help.html	https://github.com/genomicsclass/labs
layouts/_community_help.html	https://github.com/mikelove/bioc-refcard/blob/master/README.Rmd
layouts/_documentation.html	http://cran.r-project.org/
layouts/_documentation.html	http://www.r-project.org/other-docs.html
layouts/_documentation.html	https://www.youtube.com/user/bioconductor
layouts/_footer.html	http://cran.r-project.org/
layouts/_help_using_R.html	http://cran.r-project.org/
layouts/_help_using_R.html	http://cran.r-project.org/faqs.html
layouts/_help_using_R.html	http://cran.r-project.org/manuals.html
layouts/_help_using_R.html	http://journal.r-project.org/
layouts/_help_using_R.html	http://wiki.r-project.org/
layouts/_help_using_R.html	http://www.r-project.org/doc/bib/R-books.html
layouts/_help_using_R.html	http://www.r-project.org/other-docs.html
layouts/_install.html	http://cran.r-project.org/
layouts/_learn.html	https://jserizay.com/OHCA/
layouts/_learn.html	https://rformassspectrometry.github.io/book/
layouts/_learn.html	https://www.huber.embl.de/msmb/
layouts/_learn.html	https://www.youtube.com/user/bioconductor
layouts/_literature_search.html	http://scholar.google.com/scholar?q=bioconductor&btnG=Search
layouts/_literature_search.html	http://www.ncbi.nlm.nih.gov/pmc/?term=bioconductor&sort=ePubDate
layouts/_literature_search.html	http://www.ncbi.nlm.nih.gov/pubmed/?term=bioconductor&sort=date
layouts/_mlwidget2.html	https://stat.ethz.ch/mailman/listinfo/bioconductor
layouts/_publications.html	http://scholar.google.com/scholar?q=bioconductor&btnG=Search
layouts/_publications.html	http://www.ncbi.nlm.nih.gov/pmc/?term=bioconductor&sort=pubdate
layouts/_publications.html	http://www.ncbi.nlm.nih.gov/pubmed/?term=bioconductor&sort=pubdate
layouts/_registration.html	http://www.fredhutch.org/en/contact-us/visit-us.html
layouts/_support.html	https://stat.ethz.ch/mailman/listinfo/bioc-devel
layouts/_technical_reports_and_working_papers.html	http://www.bepress.com/bioconductor/
layouts/_technical_reports_and_working_papers.html	http://www.bepress.com/bioconductor/authors.instructions.html
layouts/_temporaryAnnouncement.html	https://t.co/0F3DWIivPX
layouts/_use.html	https://anvilproject.org
layouts/components/footer.html	https://bsky.app/profile/bioconductor.bsky.social
layouts/components/footer.html	https://genomic.social/@bioconductor
layouts/components/footer.html	https://www.linkedin.com/company/bioconductor/
layouts/components/footer.html	https://www.youtube.com/user/bioconductor
layouts/components/homepage/info.html	http://f1000research.com/channels/bioconductor
layouts/components/homepage/info.html	https://anvilproject.org/
layouts/components/homepage/info.html	https://bioconductor.github.io/biocblog
layouts/components/homepage/info.html	https://bsky.app/profile/bioconductor.bsky.social
layouts/components/homepage/info.html	https://genomic.social/@bioconductor
layouts/components/homepage/info.html	https://www.linkedin.com/company/bioconductor/
layouts/components/homepage/info.html	https://www.youtube.com/user/bioconductor
layouts/components/homepage/learn.html	https://www.youtube.com/user/bioconductor
layouts/components/install_hero.html	https://cran.r-project.org/web/packages/BiocManager/vignettes/BiocManager.html
layouts/components/sitescripts.html	https://www.googletagmanager.com/gtag/js?id=G-WJMEEH1J58
layouts/default.html	http://ogp.me/ns#
