host	n_urls
github.com	714
www.ncbi.nlm.nih.gov	172
doi.org	24
stat.ethz.ch	23
www.godatabase.org	22
cran.r-project.org	21
hub.docker.com	19
www.ebi.ac.uk	16
aws.amazon.com	13
www.youtube.com	13
bioconductor.github.io	11
learn.microsoft.com	11
docs.google.com	10
forms.gle	10
www.linkedin.com	10
marray.economia.unimi.it	9
www-huber.embl.de	8
www.biorxiv.org	8
cran.fhcrc.org	7
www.nature.com	7
console.aws.amazon.com	7
www.physalia-courses.org	7
yulab-smu.github.io	7
f1000research.com	6
faculty.ucr.edu	6
guangchuangyu.github.io	6
www.molgen.mpg.de	6
www.stat.berkeley.edu	6
groups.google.com	6
lieberinstitute.github.io	5
sites.google.com	5
twitter.com	5
www.dkfz.de	5
www.huber.embl.de	5
docs.docker.com	5
bcb.dfci.harvard.edu	4
bioinformatics.fmrp.usp.br	4
cran.at.r-project.org	4
en.wikipedia.org	4
leekgroup.github.io	4
research.libd.org	4
s3.amazonaws.com	4
star.mit.edu	4
www.embl.de	4
www.r-project.org	4
www.biostars.org	4
www.surveymonkey.com	4
biorxiv.org	3
cole-trapnell-lab.github.io	3
comunidadbioinfo.github.io	3
docs.aws.amazon.com	3
genomebiology.biomedcentral.com	3
genomebiology.com	3
goo.gl	3
lldb.llvm.org	3
mc-stan.org	3
mikelove.github.io	3
rpubs.com	3
stackoverflow.com	3
wiki.fhcrc.org	3
www.amazon.com	3
www.biometrie.uni-heidelberg.de	3
www.biostat.harvard.edu	3
www.biostat.jhsph.edu	3
www.cplusplus.com	3
www.lcg.unam.mx	3
www.math.ku.dk	3
www.swig.org	3
developer.r-project.org	3
gist.github.com	3
huber-group-embl.github.io	3
microbiome.github.io	3
www.edx.org	3
www.meetup.com	3
yulab-smu.top	3
zenodo.org	3
arxiv.org	2
aws-portal.amazon.com	2
bioconductor-mapreduce-example-inputdir.s3.amazonaws.com	2
bioconductor.fmrp.usp.br	2
bioinf.wehi.edu.au	2
bioinformatics.picr.man.ac.uk	2
bioverse.compbio.washington.edu	2
bosbioc.wordpress.com	2
cmb.molgen.mpg.de	2
compdiag.molgen.mpg.de	2
dl.dropbox.com	2
epiviz.github.io	2
events.embo.org	2
genomics.jhu.edu	2
permalink.gmane.org	2
r-pkgs.had.co.nz	2
rmarkdown.rstudio.com	2
tinyurl.com	2
valgrind.org	2
www.abacbs.org	2
www.bepress.com	2
www.bioinformatica.unito.it	2
www.cbioportal.org	2
www.dixa-fp7.eu	2
www.economia.unimi.it	2
www.gnu.org	2
www.htslib.org	2
www.iscb.org	2
www.kegg.jp	2
www.mgedmeeting.org	2
www.scfbm.org	2
www.warwick.ac.uk	2
www3.imperial.ac.uk	2
academic.oup.com	2
ajax.aspnetcdn.com	2
azure.microsoft.com	2
bsky.app	2
bugs.r-project.org	2
calendar.google.com	2
chanzuckerberg.com	2
cloud.google.com	2
docs.microsoft.com	2
gcc.gnu.org	2
gforge.nci.nih.gov	2
jhubiostatistics.shinyapps.io	2
jserizay.com	2
numfocus.org	2
rformassspectrometry.github.io	2
tcgabiolinksgui.shinyapps.io	2
www.fredhutch.org	2
www.rabix.org	2
	1
127.0.0.1	1
149.165.171.124	1
aryee.mgh.harvard.edu	1
aws.typepad.com	1
biocluster.ucr.edu	1
bioconductor-emr-bootstrap-scripts.s3.amazonaws.com	1
bioinfo.cipf.es	1
bioinformatics.oxfordjournals.org	1
biostat.mc.vanderbilt.edu	1
biosun1.harvard.edu	1
bit.ly	1
bits.blogs.nytimes.com	1
blog.arungupta.me	1
blog.revolutionanalytics.com	1
blog.themeforest.net	1
cagrid-portal.nci.nih.gov	1
cagrid.org	1
calculator.s3.amazonaws.com	1
cdn.mathjax.org	1
clang.llvm.org	1
clincancerres.aacrjournals.org	1
comments.gmane.org	1
common-workflow-language.github.io	1
daisy.prevmed.northwestern.edu	1
dee2.io	1
derisilab.ucsf.edu	1
dtp.nci.nih.gov	1
duffel.rail.bio	1
elhamazizi.info	1
en.cppreference.com	1
eqtl.uchicago.edu	1
evomics.org	1
facility.bioinformatics.ucr.edu	1
ga4gh.org	1
gallery.rcpp.org	1
gehlenborg.com	1
genomicsclass.github.io	1
gentleman.fhcrc.org	1
gosling-lang.org	1
helenalc.github.io	1
hopkinsworkshop.org	1
huttenhower.sph.harvard.edu	1
journal.r-project.org	1
kasperdanielhansen.github.io	1
kb.mozillazine.org	1
kbroman.org	1
lab.foundation	1
lcolladotor.github.io	1
libcxx.llvm.org	1
liftr.me	1
localhost	1
loco.biosci.arizona.edu	1
manuals.bioinformatics.ucr.edu	1
med.stanford.edu	1
mengnote.blogspot.de	1
meta-x.com	1
ncg.kcl.ac.uk	1
ndexbio.org	1
odin.mdacc.tmc.edu	1
pcottle.github.io	1
peterhickey.org	1
pgfe.umassmed.edu	1
preview.data.humancellatlas.org	1
pyunit.sourceforge.net	1
r.research.att.com	1
rafalab.dfci.harvard.edu	1
rana.lbl.gov	1
rbioc.net.technion.ac.il	1
research-pub.gene.com	1
rostlab.org	1
rtcga.github.io	1
s3tools.org	1
satijalab.org	1
scholar.google.com	1
sco.h-its.org	1
search.barnesandnoble.com	1
shiny.rstudio.com	1
simplystatistics.org	1
smodia2015.cipf.es	1
snaptron.cs.jhu.edu	1
sourceforge.net	1
sta.uwi.edu	1
stat2016.china-r.org	1
tagc.univ-mrs.fr	1
tengfei.github.com	1
user2014.stat.ucla.edu	1
user2015.math.aau.dk	1
user2016.org	1
users.unimi.it	1
vimeo.com	1
visrseq.github.io	1
waldronlab.io	1
watson.nci.nih.gov	1
web.expasy.org	1
webclu.bio.wzw.tum.de	1
weka.wikispaces.com	1
wiki.biostat.berkeley.edu	1
winscp.net	1
www-genome.wi.mit.edu	1
www-lmc.imag.fr	1
www.1000genomes.org	1
www.allthingsrss.com	1
www.bio-complexity.com	1
www.bio.ri.ccf.org	1
www.biostat.ucsf.edu	1
www.boost.org	1
www.catb.org	1
www.chiark.greenend.org.uk	1
www.crcpress.com	1
www.crick.ac.uk	1
www.csc.fi	1
www.cvb-heidelberg.de	1
www.cygwin.com	1
www.daedtech.com	1
www.dataprogrammers.net	1
www.dkfz-heidelberg.de	1
www.dx.doi.org	1
www.e-publications.org	1
www.edii.uclm.es	1
www.enar.org	1
www.eurac.edu	1
www.fgcz.ch	1
www.fhcrc.org	1
www.fruitfly.org	1
www.gene.com	1
www.genome.org	1
www.genomeeting.com	1
www.google.com	1
www.illumina.com	1
www.jcvi.org	1
www.jsbi.org	1
www.junit.org	1
www.lincsproject.org	1
www.marriott.com	1
www.mirbase.org	1
www.mpi-sb.mpg.de	1
www.netlib.org	1
www.nytimes.com	1
www.pasteur.edu.uy	1
www.psidev.info	1
www.r-bloggers.com	1
www.rguha.net	1
www.ruby-lang.org	1
www.sciserver.org	1
www.silvercloud.com	1
www.slideshare.net	1
www.soph.uab.edu	1
www.springer.com	1
www.springeronline.com	1
www.stat.brown.edu	1
www.statsci.org	1
www.stephaniehicks.com	1
www.string-db.org	1
www.user2017.brussels	1
www.wellcome.ac.uk	1
www3.uclm.es	1
x-meeting.com	1
ygc.name	1
zlib.net	1
zvfak.blogspot.com	1
fertiglab.github.io	1
abacbs.org	1
alserglab.wustl.edu	1
anvilproject.org	1
au.linkedin.com	1
bbisr.winship.emory.edu	1
bioc2017.updog.co	1
biocpy.github.io	1
bioinformatics.upsc.se	1
bioinformaticsfmrp.github.io	1
biox.stanford.edu	1
blog.rstudio.org	1
bmcbioinformatics.biomedcentral.com	1
cabig.nci.nih.gov	1
cadra.bu.edu	1
cancerdatascience.org	1
clue.io	1
cmetracker.net	1
community-bioc.zulipchat.com	1
computationalbiomed.hms.harvard.edu	1
computationalproteomics.khoury.northeastern.edu	1
creativecommons.org	1
csama2022.bioconductor.eu	1
csama2023.bioconductor.eu	1
csama2024.bioconductor.eu	1
ctsi.mcw.edu	1
cucumber.io	1
data.idies.jhu.edu	1
data.terra.bio	1
datadryad.org	1
davidbioinformatics.nih.gov	1
developer.apple.com	1
dl.acm.org	1
dockflow.org	1
eg59-plants.ensembl.org	1
elixir-europe.org	1
everytimezone.com	1
ftp.ncbi.nih.gov	1
functionalgenomics.upf.edu	1
galaxyproject.org	1
gallantries.github.io	1
gdac.broadinstitute.org	1
gdoc.georgetown.edu	1
geneontology.org	1
genomic.social	1
girke.bioinformatics.ucr.edu	1
git-scm.com	1
git.embl.de	1
gitlab.com	1
google.com	1
googlegenomics.readthedocs.org	1
groups.oist.jp	1
help.github.com	1
idies.jhu.edu	1
is.gd	1
jokergoo.github.io	1
krasnitzlab.github.io	1
lgatto.github.io	1
libd.shinyapps.io	1
llrs.dev	1
maayanlab.cloud	1
mac.r-project.org	1
massbank.eu	1
meet.jit.si	1
meetings.cshl.edu	1
packagemanager.posit.co	1
parasite.wormbase.org	1
paul-shannon.github.io	1
perdana.apbionet.org	1
piccolo.byu.edu	1
pmc.ncbi.nlm.nih.gov	1
profiles.ucsf.edu	1
pubmed.ncbi.nlm.nih.gov	1
radiant-rstats.github.io	1
raw.github.com	1
raw.githubusercontent.com	1
reg.abcsignup.com	1
rest.uniprot.org	1
rocker-project.org	1
rspec.info	1
runs-on.com	1
sales.bio.unipd.it	1
seandavi.github.io	1
software.broadinstitute.org	1
speakerdeck.com	1
style.tidyverse.org	1
synthea.mitre.org	1
systempipe.org	1
treetime.readthedocs.io	1
try.github.io	1
us06web.zoom.us	1
users.soe.ucsc.edu	1
vincebuffalo.com	1
vjcitn.github.io	1
waldronlab.github.io	1
www.4dnucleome.org	1
www.biostat.wisc.edu	1
www.broadinstitute.org	1
www.cscce.org	1
www.deduveinstitute.be	1
www.dnazoo.org	1
www.docker.com	1
www.embl.org	1
www.genome.gov	1
www.kaggle.com	1
www.nsf.gov	1
www.omnipathdb.org	1
www.outreachy.org	1
www.overleaf.com	1
www.rdm.ox.ac.uk	1
www.rocker-project.org	1
www.roswellpark.org	1
www.rstudio.com	1
www.ru.nl	1
www.sciencedirect.com	1
www.simoncoetzee.com	1
www.thekids.org.au	1
www.ul.ie	1
zulip.com	1
