url	status	n_redirects	redirect_chain	final_url	content_type	title	note
http://bioconductor.posit.co/	200	1	301->https://bioconductor.posit.co/	https://bioconductor.posit.co/	text/html;charset=ISO-8859-1	Index of /	
http://bioconductor.riken.jp/	200	0			text/html;charset=UTF-8	Index of /	
http://bioconductor.statistik.tu-dortmund.de/	200	0			text/html	Bioconductor Mirror, Department of Statistics, TU Dortmund	
http://bioconductor.uib.no/	200	1	302->https://bioconductor.uib.no/	https://bioconductor.uib.no/	text/html;charset=UTF-8	Index of /	
http://bioconductor.unipi.it	200	0			text/html	Bioconductor Mirror, Department of Biology, University of Pisa	
http://cran.asia	200	1	301->https://cran.asia/	https://cran.asia/	text/html	The Comprehensive R Archive Network	
http://cran.r-project.org/	200	0			text/html	The Comprehensive R Archive Network	
http://cran.r-project.org/faqs.html	200	0			text/html	CRAN: Frequently Asked Questions	
http://cran.r-project.org/manuals.html	200	0			text/html	CRAN: Manuals	
http://en.wikipedia.org/wiki/Bioconductor#Milestones	301	0					
http://eutils.ncbi.nlm.nih.gov/entrez/eutils/	400	1	301->https://eutils.ncbi.nlm.nih.gov:443/entrez/eutils/	https://eutils.ncbi.nlm.nih.gov:443/entrez/eutils/	application/json		
http://f1000research.com/channels/bioconductor	200	1	301->https://f1000research.com/channels/bioconductor	https://f1000research.com/channels/bioconductor	text/html;charset=UTF-8		
http://free.nchc.org.tw/bioconductor/	DNS_FAIL	0					
http://ftp.gwdg.de/pub/misc/bioconductor/	200	0			text/html	Index of /pub/misc/bioconductor/	
http://genomicsclass.github.io/book/	200	1	301->https://genomicsclass.github.io/book/	https://genomicsclass.github.io/book/	text/html; charset=utf-8	PH525x series - Biomedical Data Science	
http://journal.r-project.org/	200	0			text/html	Overview	
http://manuals.bioinformatics.ucr.edu/home/R_BioCondManual	TLS_ERROR	1	301->https://manuals.bioinformatics.ucr.edu/home/R_BioCondManual	https://manuals.bioinformatics.ucr.edu/home/R_BioCondManual			
http://mirror.aarnet.edu.au/pub/bioconductor	301	0				301 Moved Permanently	
http://mirror.accum.se/mirror/bioconductor.org/	200	0			text/html;charset=UTF-8		
http://mirrors.dotsrc.org/bioconductor/	200	0			text/html	mirrors.dotsrc.org	
http://mirrors.nju.edu.cn/bioconductor/	200	0			text/html; charset=utf-8	NJU Mirror	
http://mirrors.tuna.tsinghua.edu.cn/bioconductor/	200	0			text/html	Index of /bioconductor/ | 清华大学开源软件镜像站 | Tsinghua Open Source Mirror	
http://mirrors.ustc.edu.cn/bioc/	200	0			text/html; charset=utf-8	Directory Listing	
http://ogp.me/ns#	404	2	301->https://ogp.me/ns | 301->https://ogp.me/ns/	https://ogp.me/ns/	text/html; charset=utf-8	Page not found &middot; GitHub Pages	
http://scholar.google.com/scholar?q=bioconductor&btnG=Search	200	1	302->https://scholar.google.com/scholar?q=bioconductor&btnG=Search	https://scholar.google.com/scholar?q=bioconductor&btnG=Search	text/html; charset=ISO-8859-1		
http://vincebuffalo.com/2012/03/12/23andme-gwascat.html	404	1	301->https://vincebuffalo.com/2012/03/12/23andme-gwascat.html	https://vincebuffalo.com/2012/03/12/23andme-gwascat.html	text/html	404 Not Found	
http://watson.nci.nih.gov/~sdavis/	DNS_FAIL	0					
http://wiki.r-project.org/	DNS_FAIL	0					
http://www.bepress.com/bioconductor/	200	1	301->https://www.elsevier.com/products/digital-commons	https://www.elsevier.com/products/digital-commons	text/html; charset=utf-8		
http://www.bepress.com/bioconductor/authors.instructions.html	200	1	301->https://www.elsevier.com/products/digital-commons	https://www.elsevier.com/products/digital-commons	text/html; charset=utf-8		
http://www.fredhutch.org/en/contact-us/visit-us.html	301	1	301->https://www.fredhutch.org/en/contact-us/visit-us.html	https://www.fredhutch.org/en/contact-us/visit-us.html		301 Moved Permanently	
http://www.gene.com/	200	1	301->https://www.gene.com/	https://www.gene.com/	text/html; charset=utf-8	Genentech	
http://www.ncbi.nlm.nih.gov/pmc/?term=bioconductor&sort=ePubDate	200	2	301->https://www.ncbi.nlm.nih.gov/pmc/?term=bioconductor&sort=ePubDate | 301->https://pmc.ncbi.nlm.nih.gov/search/?term=bioconductor&sort=ePubDate	https://pmc.ncbi.nlm.nih.gov/search/?term=bioconductor&sort=ePubDate		PMC Full Text Articles	
http://www.ncbi.nlm.nih.gov/pmc/?term=bioconductor&sort=pubdate	200	2	301->https://www.ncbi.nlm.nih.gov/pmc/?term=bioconductor&sort=pubdate | 301->https://pmc.ncbi.nlm.nih.gov/search/?term=bioconductor&sort=pubdate	https://pmc.ncbi.nlm.nih.gov/search/?term=bioconductor&sort=pubdate			
http://www.ncbi.nlm.nih.gov/pubmed/?term=bioconductor&sort=date	200	2	301->https://www.ncbi.nlm.nih.gov/pubmed/?term=bioconductor&sort=date | 301->https://pubmed.ncbi.nlm.nih.gov/?term=bioconductor&sort=date	https://pubmed.ncbi.nlm.nih.gov/?term=bioconductor&sort=date	text/html; charset=utf-8		
http://www.ncbi.nlm.nih.gov/pubmed/?term=bioconductor&sort=pubdate	200	2	301->https://www.ncbi.nlm.nih.gov/pubmed/?term=bioconductor&sort=pubdate | 301->https://pubmed.ncbi.nlm.nih.gov/?term=bioconductor&sort=pubdate	https://pubmed.ncbi.nlm.nih.gov/?term=bioconductor&sort=pubdate	text/html; charset=utf-8		
http://www.novartis.com/	200	1	301->https://www.novartis.com/	https://www.novartis.com/	text/html; charset=UTF-8		
http://www.oicr.on.ca/	200	2	302->https://www.oicr.on.ca/ | 301->https://oicr.on.ca/	https://oicr.on.ca/	text/html; charset=UTF-8		
http://www.r-project.org/doc/bib/R-books.html	200	0			text/html		
http://www.r-project.org/other-docs.html	200	0			text/html	R: Documentation	
http://www.revolutionanalytics.com/	404	2	301->https://www.microsoft.com/en-us/cloud-platform/r-server | 301->https://www.microsoft.com/en-us/sql-server/machinelearningserver	https://www.microsoft.com/en-us/sql-server/machinelearningserver	text/html		
http://www.rstudio.com/	503	2	301->https://www.rstudio.com/ | 301->https://posit.co/	https://posit.co/	text/html	Technical Difficulties	
http://www.youtube.com/user/RafalabChannel?feature=watch	200	1	301->https://www.youtube.com/user/RafalabChannel?feature=watch	https://www.youtube.com/user/RafalabChannel?feature=watch	text/html; charset=utf-8		
https://aarnet.edu.au	301	0					
https://accc.riken.jp/en/	DNS_FAIL	0					
https://anvilproject.org	200	0			text/html		
https://anvilproject.org/	200	0			text/html		
https://astrazeneca.com/	403	1	301->https://www.astrazeneca.com	https://www.astrazeneca.com	text/html	ERROR: The request could not be satisfied	
https://axioresearch.com/	DNS_FAIL	0					
https://bioconductor.github.io/biocblog	200	1	301->https://blog.bioconductor.org	https://blog.bioconductor.org	text/html; charset=utf-8	Bioconductor community blog	
https://bioconductor.posit.co/	200	0			text/html;charset=ISO-8859-1	Index of /	
https://bioconductor.riken.jp/	200	0			text/html;charset=UTF-8	Index of /	
https://bioconductor.statistik.tu-dortmund.de/	200	0			text/html	Bioconductor Mirror, Department of Statistics, TU Dortmund	
https://bioconductor.uib.no/	200	0			text/html;charset=UTF-8	Index of /	
https://bioconductor.unipi.it	TLS_ERROR	0					
https://bsky.app/profile/bioconductor.bsky.social	404	0			text/html; charset=UTF-8	@bioconductor.bsky.social on Bluesky	
https://cran.asia	200	0			text/html	The Comprehensive R Archive Network	
https://cran.r-project.org/web/packages/BiocManager/vignettes/BiocManager.html	200	0			text/html		
https://dotsrc.org/	200	0			text/html; charset=utf-8	About dotsrc - dotsrc	
https://fredhutch.org/	200	1	301->https://www.fredhutch.org/en.html	https://www.fredhutch.org/en.html			
https://free.nchc.org.tw/bioconductor/	DNS_FAIL	0					
https://ftp.gwdg.de/	200	0			text/html	ftp.gwdg.de - GWDG - IT in der Wissenschaft	
https://ftp.gwdg.de/pub/misc/bioconductor/	200	0			text/html	Index of /pub/misc/bioconductor/	
https://genomic.social/@bioconductor	200	0			text/html; charset=utf-8	Bioconductor (@bioconductor@genomic.social) - genomic.social	
https://github.com/genomicsclass/labs	200	0			text/html; charset=utf-8		
https://github.com/mikelove/bioc-refcard/blob/master/README.Rmd	404	0			text/html; charset=utf-8		
https://jserizay.com/OHCA/	200	0			text/html; charset=utf-8	Redirecting to the OHCA book	
https://med.stanford.edu/bdsi.html	404	0			text/html;charset=utf-8	Page not found | 404 - Page not found | Stanford Medicine	
https://mirror.aarnet.edu.au/pub/bioconductor	301	0				301 Moved Permanently	
https://mirror.accum.se/mirror/bioconductor.org/	200	0			text/html;charset=UTF-8	Index of /mirror/bioconductor.org	
https://mirrors.dotsrc.org/bioconductor/	200	0			text/html	mirrors.dotsrc.org	
https://mirrors.nju.edu.cn/bioconductor/	200	0			text/html; charset=utf-8	NJU Mirror	
https://mirrors.tuna.tsinghua.edu.cn/bioconductor/	200	0			text/html	Index of /bioconductor/ | 清华大学开源软件镜像站 | Tsinghua Open Source Mirror	
https://mirrors.ustc.edu.cn/bioc/	200	0			text/html; charset=utf-8	Directory Listing	
https://mirrors.westlake.edu.cn/bioconductor	403	0			text/html	您的访问请求可能对网站造成安全威胁，请求已被阻断。	
https://mirrors.zju.edu.cn/bioconductor	200	1	301->https://mirrors.zju.edu.cn/bioconductor/	https://mirrors.zju.edu.cn/bioconductor/	text/html		
https://posit.co/	503	0			text/html	Technical Difficulties	
https://rformassspectrometry.github.io/book/	200	0			text/html; charset=utf-8	Chapter 1 Preamble | R for Mass Spectrometry	
https://sci.nju.edu.cn/	200	0			text/html		
https://stat.ethz.ch/mailman/listinfo/bioc-devel	200	0			text/html; charset=us-ascii	Bioc-devel Info Page	
https://stat.ethz.ch/mailman/listinfo/bioconductor	404	0			text/html; charset=us-ascii	stat.ethz.ch Mailing Lists	
https://t.co/0F3DWIivPX	301	0					
https://ustc.edu.cn	200	0			text/html	中国科学技术大学	
https://utoronto.ca/	301	0					
https://www.accum.se/	200	0			text/html	Academic Computer Club in Umeå	
https://www.dana-farber.org/	200	0			text/html; charset=UTF-8		
https://www.googletagmanager.com/gtag/js?id=G-WJMEEH1J58	200	0			application/javascript; charset=UTF-8		
https://www.huber.embl.de/msmb/	200	0			text/html	Modern Statistics for Modern Biology	
https://www.linkedin.com/company/bioconductor/	200	0			text/html; charset=utf-8		
https://www.nchc.org.tw/	DNS_FAIL	0					
https://www.roswellpark.org/	200	0			text/html; charset=UTF-8	Cancer Treatment - Buffalo, NY | Roswell Park Comprehensive Cancer Center	
https://www.rstudio.com/	503	1	301->https://posit.co/	https://posit.co/	text/html	Technical Difficulties	
https://www.sbgenomics.com/	200	1	301->https://www.sevenbridges.com	https://www.sevenbridges.com	text/html; charset=UTF-8		
https://www.statistik.tu-dortmund.de/	200	1	301->https://statistik.tu-dortmund.de/	https://statistik.tu-dortmund.de/			
https://www.uib.no/	200	1	302->https://www4.uib.no	https://www4.uib.no	text/html; charset=UTF-8	Universitetet i Bergen | UiB	
https://www.unipi.it/	200	0			text/html; charset=UTF-8		
https://www.westlake.edu.cn/	403	0			text/html	您的访问请求可能对网站造成安全威胁，请求已被阻断。	
https://www.youtube.com/user/bioconductor	200	0			text/html; charset=utf-8		
https://www.zju.edu.cn/	200	0			text/html		
