page_url	source_file	inbound_from_content
https://bioconductor.org/developers/gitlog/	content/developers/gitlog.md	0
https://bioconductor.org/developers/how-to/	content/developers/how-to.md	0
https://bioconductor.org/developers/how-to/biocViews/	content/developers/how-to/biocViews.md	0
https://bioconductor.org/developers/how-to/deprecation/	content/developers/how-to/deprecation.md	0
https://bioconductor.org/developers/how-to/git-mirrors/	content/developers/how-to/git-mirrors.md	0
https://bioconductor.org/developers/how-to/git/abandon-changes/	content/developers/how-to/git/abandon-changes.md	0
https://bioconductor.org/developers/how-to/git/add-collaborators/	content/developers/how-to/git/add-collaborators.md	0
https://bioconductor.org/developers/how-to/git/bug-fix-in-release-and-devel/	content/developers/how-to/git/bug-fix-in-release-and-devel.md	0
https://bioconductor.org/developers/how-to/git/change-maintainer/	content/developers/how-to/git/change-maintainer.md	0
https://bioconductor.org/developers/how-to/git/create-local-repository/	content/developers/how-to/git/create-local-repository.md	0
https://bioconductor.org/developers/how-to/git/faq/	content/developers/how-to/git/faq.md	0
https://bioconductor.org/developers/how-to/git/maintain-bioc-only/	content/developers/how-to/git/maintain-bioc-only.md	0
https://bioconductor.org/developers/how-to/git/maintain-github-bioc/	content/developers/how-to/git/maintain-github-bioc.md	0
https://bioconductor.org/developers/how-to/git/new-package-workflow/	content/developers/how-to/git/new-package-workflow.md	0
https://bioconductor.org/developers/how-to/git/pull-upstream-changes/	content/developers/how-to/git/pull-upstream-changes.md	0
https://bioconductor.org/developers/how-to/git/push-to-github-bioc/	content/developers/how-to/git/push-to-github-bioc.md	0
https://bioconductor.org/developers/how-to/git/remove-large-data/	content/developers/how-to/git/remove-large-data.md	0
https://bioconductor.org/developers/how-to/git/resolve-conflicts/	content/developers/how-to/git/resolve-conflicts.md	0
https://bioconductor.org/developers/how-to/git/resolve-duplicate-commits/	content/developers/how-to/git/resolve-duplicate-commits.md	0
https://bioconductor.org/developers/how-to/git/sync-existing-repositories/	content/developers/how-to/git/sync-existing-repositories.md	0
https://bioconductor.org/developers/how-to/source-control/	content/developers/how-to/source-control.md	0
https://bioconductor.org/developers/how-to/version-numbering/	content/developers/how-to/version-numbering.md	0
https://bioconductor.org/developers/how-to/workflows/	content/developers/how-to/workflows.md	0
https://bioconductor.org/developers/new_packages/	content/developers/new_packages.html	0
https://bioconductor.org/examples/	content/examples/index.html	0
https://bioconductor.org/examples/markdown/	content/examples/markdown.md	0
https://bioconductor.org/help/403/	content/help/403.html	0
https://bioconductor.org/help/404/	content/help/404.html	0
https://bioconductor.org/help/bioc-views/packageDetail/	content/help/bioc-views/packageDetail.html	0
https://bioconductor.org/help/cabig/	content/help/cabig.md	0
https://bioconductor.org/help/cloud/	content/help/cloud.html	0
https://bioconductor.org/help/cloud/badcaptcha/	content/help/cloud/badcaptcha.md	0
https://bioconductor.org/help/cloud/launch/	content/help/cloud/launch.md	0
https://bioconductor.org/help/cloud/started/	content/help/cloud/started.html	0
https://bioconductor.org/help/elasticmapreduce/	content/help/elasticmapreduce.md	0
https://bioconductor.org/help/newsletters/	content/help/newsletters.md	0
https://bioconductor.org/help/publications/2003/Chiaretti/chiaretti2/	content/help/publications/2003/Chiaretti/chiaretti2.md	0
https://bioconductor.org/help/publications/compendia/CompStatViz/	content/help/publications/compendia/CompStatViz.md	0
https://bioconductor.org/help/publications/compendia/genemetaex/	content/help/publications/compendia/genemetaex.md	0
https://bioconductor.org/help/publications/compendia/golubrr/	content/help/publications/compendia/golubrr.md	0
https://bioconductor.org/help/publications/papers/pubmed/	content/help/publications/papers/pubmed.html	0
https://bioconductor.org/help/publications/tech-reports/	content/help/publications/tech-reports.md	0
https://bioconductor.org/help/search/	content/help/search.html	0
https://bioconductor.org/news/RinNYT/	content/news/RinNYT.md	0
https://bioconductor.org/news/template/	content/news/template.md	0
